{
  "editor": {"gridSize": 20,
  "gridOffset": false},
  "rods": [
    {
      "tube": {
        "universe": 0,
        "ledCount": 24
      },
      "name": "Rod 24",
      "position": {
        "x": -0.32451629638671875,
        "y": 0,
        "z": -31.37140655517578
      },
      "inverted": false
    },
    {
      "tube": {
        "universe": 0,
        "ledCount": 24
      },
      "name": "Rod 24",
      "position": {
        "x": 15.333343505859375,
        "y": 0,
        "z": -31.371429443359375
      },
      "inverted": false
    },
    {
      "tube": {
        "universe": 0,
        "ledCount": 24
      },
      "name": "Lundi",
      "position": {
        "x": 0.6666717529296875,
        "y": 40,
        "z": 0.5142669677734375
      },
      "inverted": false
    },
    {
      "tube": {
        "universe": 0,
        "ledCount": 24
      },
      "name": "Rod 1",
      "position": {
        "x": -18.666641235351562,
        "y": 0,
        "z": -31.885692596435547
      },
      "inverted": false
    }
  ]
}