{"rods": [{
  "tube": {
    "universe": 0,
    "ledCount": 24
  },
  "name": "Rod 24",
  "position": {
    "x": -34.33333206176758,
    "y": 0,
    "z": -35.999996185302734
  }
}]}